speed_m_s,capillary_number,wet_thickness_landau_levich_m,dry_thickness_landau_levich_m,dry_thickness_evaporation_m,dry_thickness_governing_m,regime
5e-05,5e-06,2.93864e-08,6.34774e-09,4.3202e-07,4.3202e-07,evaporation
5.2128e-05,5.2128e-06,3.02144e-08,6.52659e-09,4.14384e-07,4.14384e-07,evaporation
5.43465e-05,5.43465e-06,3.10657e-08,6.71048e-09,3.97468e-07,3.97468e-07,evaporation
5.66595e-05,5.66595e-06,3.19409e-08,6.89955e-09,3.81242e-07,3.81242e-07,evaporation
5.90709e-05,5.90709e-06,3.28409e-08,7.09395e-09,3.65679e-07,3.65679e-07,evaporation
6.15849e-05,6.15849e-06,3.37662e-08,7.29383e-09,3.50751e-07,3.50751e-07,evaporation
6.42059e-05,6.42059e-06,3.47176e-08,7.49933e-09,3.36433e-07,3.36433e-07,evaporation
6.69384e-05,6.69384e-06,3.56957e-08,7.71063e-09,3.22699e-07,3.22699e-07,evaporation
6.97873e-05,6.97873e-06,3.67015e-08,7.92788e-09,3.09526e-07,3.09526e-07,evaporation
7.27574e-05,7.27574e-06,3.77356e-08,8.15125e-09,2.9689e-07,2.9689e-07,evaporation
7.58539e-05,7.58539e-06,3.87988e-08,8.38092e-09,2.84771e-07,2.84771e-07,evaporation
7.90822e-05,7.90822e-06,3.9892e-08,8.61705e-09,2.73146e-07,2.73146e-07,evaporation
8.24479e-05,8.24479e-06,4.10159e-08,8.85984e-09,2.61995e-07,2.61995e-07,evaporation
8.59568e-05,8.59568e-06,4.21716e-08,9.10947e-09,2.513e-07,2.513e-07,evaporation
8.96151e-05,8.96151e-06,4.33598e-08,9.36613e-09,2.41042e-07,2.41042e-07,evaporation
9.34291e-05,9.34291e-06,4.45814e-08,9.63003e-09,2.31202e-07,2.31202e-07,evaporation
9.74054e-05,9.74054e-06,4.58375e-08,9.90136e-09,2.21764e-07,2.21764e-07,evaporation
0.000101551,1.01551e-05,4.7129e-08,1.01803e-08,2.12711e-07,2.12711e-07,evaporation
0.000105873,1.05873e-05,4.84569e-08,1.04672e-08,2.04028e-07,2.04028e-07,evaporation
0.000110379,1.10379e-05,4.98222e-08,1.07621e-08,1.95699e-07,1.95699e-07,evaporation
0.000115076,1.15076e-05,5.1226e-08,1.10653e-08,1.8771e-07,1.8771e-07,evaporation
0.000119974,1.19974e-05,5.26693e-08,1.13771e-08,1.80047e-07,1.80047e-07,evaporation
0.00012508,1.2508e-05,5.41532e-08,1.16976e-08,1.72697e-07,1.72697e-07,evaporation
0.000130403,1.30403e-05,5.5679e-08,1.20272e-08,1.65647e-07,1.65647e-07,evaporation
0.000135953,1.35953e-05,5.72478e-08,1.23661e-08,1.58885e-07,1.58885e-07,evaporation
0.000141739,1.41739e-05,5.88608e-08,1.27145e-08,1.52399e-07,1.52399e-07,evaporation
0.000147772,1.47772e-05,6.05192e-08,1.30727e-08,1.46178e-07,1.46178e-07,evaporation
0.000154061,1.54061e-05,6.22244e-08,1.34411e-08,1.40211e-07,1.40211e-07,evaporation
0.000160617,1.60617e-05,6.39776e-08,1.38198e-08,1.34487e-07,1.34487e-07,evaporation
0.000167453,1.67453e-05,6.57802e-08,1.42092e-08,1.28997e-07,1.28997e-07,evaporation
0.00017458,1.7458e-05,6.76335e-08,1.46095e-08,1.23731e-07,1.23731e-07,evaporation
0.00018201,1.8201e-05,6.95391e-08,1.50211e-08,1.1868e-07,1.1868e-07,evaporation
0.000189756,1.89756e-05,7.14984e-08,1.54444e-08,1.13835e-07,1.13835e-07,evaporation
0.000197832,1.97832e-05,7.35129e-08,1.58795e-08,1.09188e-07,1.09188e-07,evaporation
0.000206252,2.06252e-05,7.55842e-08,1.63269e-08,1.04731e-07,1.04731e-07,evaporation
0.00021503,2.1503e-05,7.77138e-08,1.67869e-08,1.00456e-07,1.00456e-07,evaporation
0.000224181,2.24181e-05,7.99034e-08,1.72599e-08,9.6355e-08,9.6355e-08,evaporation
0.000233722,2.33722e-05,8.21547e-08,1.77462e-08,9.24216e-08,9.24216e-08,evaporation
0.000243669,2.43669e-05,8.44695e-08,1.82462e-08,8.86488e-08,8.86488e-08,evaporation
0.00025404,2.5404e-05,8.68494e-08,1.87603e-08,8.503e-08,8.503e-08,evaporation
0.000264851,2.64851e-05,8.92964e-08,1.92889e-08,8.15589e-08,8.15589e-08,evaporation
0.000276123,2.76123e-05,9.18124e-08,1.98324e-08,7.82295e-08,7.82295e-08,evaporation
0.000287875,2.87875e-05,9.43993e-08,2.03912e-08,7.5036e-08,7.5036e-08,evaporation
0.000300127,3.00127e-05,9.7059e-08,2.09657e-08,7.19729e-08,7.19729e-08,evaporation
0.0003129,3.129e-05,9.97937e-08,2.15564e-08,6.90348e-08,6.90348e-08,evaporation
0.000326217,3.26217e-05,1.02605e-07,2.21638e-08,6.62166e-08,6.62166e-08,evaporation
0.0003401,3.401e-05,1.05496e-07,2.27882e-08,6.35135e-08,6.35135e-08,evaporation
0.000354575,3.54575e-05,1.08469e-07,2.34303e-08,6.09208e-08,6.09208e-08,evaporation
0.000369665,3.69665e-05,1.11525e-07,2.40905e-08,5.84339e-08,5.84339e-08,evaporation
0.000385398,3.85398e-05,1.14667e-07,2.47692e-08,5.60485e-08,5.60485e-08,evaporation
0.0004018,4.018e-05,1.17898e-07,2.54671e-08,5.37605e-08,5.37605e-08,evaporation
0.000418901,4.18901e-05,1.2122e-07,2.61846e-08,5.15659e-08,5.15659e-08,evaporation
0.000436729,4.36729e-05,1.24635e-07,2.69224e-08,4.94608e-08,4.94608e-08,evaporation
0.000455316,4.55316e-05,1.28147e-07,2.7681e-08,4.74418e-08,4.74418e-08,evaporation
0.000474694,4.74694e-05,1.31757e-07,2.84609e-08,4.55051e-08,4.55051e-08,evaporation
0.000494896,4.94896e-05,1.3547e-07,2.92628e-08,4.36475e-08,4.36475e-08,evaporation
0.000515959,5.15959e-05,1.39287e-07,3.00873e-08,4.18657e-08,4.18657e-08,evaporation
0.000537918,5.37918e-05,1.43211e-07,3.0935e-08,4.01567e-08,4.01567e-08,evaporation
0.000560811,5.60811e-05,1.47246e-07,3.18066e-08,3.85174e-08,3.85174e-08,evaporation
0.000584679,5.84679e-05,1.51395e-07,3.27028e-08,3.6945e-08,3.6945e-08,evaporation
0.000609563,6.09563e-05,1.5566e-07,3.36242e-08,3.54369e-08,3.54369e-08,evaporation
0.000635505,6.35505e-05,1.60046e-07,3.45715e-08,3.39902e-08,3.45715e-08,landau_levich
0.000662552,6.62552e-05,1.64556e-07,3.55456e-08,3.26027e-08,3.55456e-08,landau_levich
0.00069075,6.9075e-05,1.69192e-07,3.65471e-08,3.12718e-08,3.65471e-08,landau_levich
0.000720148,7.20148e-05,1.73959e-07,3.75769e-08,2.99952e-08,3.75769e-08,landau_levich
0.000750797,7.50797e-05,1.7886e-07,3.86356e-08,2.87707e-08,3.86356e-08,landau_levich
0.00078275,7.8275e-05,1.839e-07,3.97242e-08,2.75963e-08,3.97242e-08,landau_levich
0.000816063,8.16063e-05,1.89081e-07,4.08434e-08,2.64697e-08,4.08434e-08,landau_levich
0.000850795,8.50795e-05,1.94409e-07,4.19942e-08,2.53892e-08,4.19942e-08,landau_levich
0.000887004,8.87004e-05,1.99886e-07,4.31774e-08,2.43527e-08,4.31774e-08,landau_levich
0.000924754,9.24754e-05,2.05518e-07,4.43939e-08,2.33586e-08,4.43939e-08,landau_levich
0.000964111,9.64111e-05,2.11309e-07,4.56447e-08,2.24051e-08,4.56447e-08,landau_levich
0.00100514,0.000100514,2.17262e-07,4.69308e-08,2.14904e-08,4.69308e-08,landau_levich
0.00104792,0.000104792,2.23384e-07,4.82531e-08,2.06132e-08,4.82531e-08,landau_levich
0.00109252,0.000109252,2.29678e-07,4.96127e-08,1.97717e-08,4.96127e-08,landau_levich
0.00113902,0.000113902,2.36149e-07,5.10105e-08,1.89646e-08,5.10105e-08,landau_levich
0.00118749,0.000118749,2.42803e-07,5.24477e-08,1.81904e-08,5.24477e-08,landau_levich
0.00123803,0.000123803,2.49644e-07,5.39255e-08,1.74478e-08,5.39255e-08,landau_levich
0.00129072,0.000129072,2.56678e-07,5.54449e-08,1.67356e-08,5.54449e-08,landau_levich
0.00134565,0.000134565,2.6391e-07,5.7007e-08,1.60524e-08,5.7007e-08,landau_levich
0.00140292,0.000140292,2.71345e-07,5.86132e-08,1.53971e-08,5.86132e-08,landau_levich
0.00146263,0.000146263,2.78991e-07,6.02647e-08,1.47686e-08,6.02647e-08,landau_levich
0.00152488,0.000152488,2.86851e-07,6.19627e-08,1.41657e-08,6.19627e-08,landau_levich
0.00158978,0.000158978,2.94933e-07,6.37085e-08,1.35874e-08,6.37085e-08,landau_levich
0.00165744,0.000165744,3.03243e-07,6.55035e-08,1.30327e-08,6.55035e-08,landau_levich
0.00172798,0.000172798,3.11787e-07,6.73491e-08,1.25007e-08,6.73491e-08,landau_levich
0.00180152,0.000180152,3.20572e-07,6.92467e-08,1.19904e-08,6.92467e-08,landau_levich
0.00187819,0.000187819,3.29604e-07,7.11977e-08,1.15009e-08,7.11977e-08,landau_levich
0.00195813,0.000195813,3.38891e-07,7.32037e-08,1.10315e-08,7.32037e-08,landau_levich
0.00204146,0.000204146,3.48439e-07,7.52663e-08,1.05811e-08,7.52663e-08,landau_levich
0.00212835,0.000212835,3.58257e-07,7.73869e-08,1.01492e-08,7.73869e-08,landau_levich
0.00221893,0.000221893,3.68351e-07,7.95673e-08,9.73487e-09,7.95673e-08,landau_levich
0.00231336,0.000231336,3.78729e-07,8.18092e-08,9.33747e-09,8.18092e-08,landau_levich
0.00241182,0.000241182,3.894e-07,8.41142e-08,8.9563e-09,8.41142e-08,landau_levich
0.00251446,0.000251446,4.00371e-07,8.64841e-08,8.59068e-09,8.64841e-08,landau_levich
0.00262148,0.000262148,4.11652e-07,8.89209e-08,8.24e-09,8.89209e-08,landau_levich
0.00273305,0.000273305,4.23251e-07,9.14262e-08,7.90362e-09,9.14262e-08,landau_levich
0.00284936,0.000284936,4.35176e-07,9.40022e-08,7.58098e-09,9.40022e-08,landau_levich
0.00297063,0.000297063,4.47437e-07,9.66508e-08,7.27151e-09,9.66508e-08,landau_levich
0.00309706,0.000309706,4.60044e-07,9.93739e-08,6.97467e-09,9.93739e-08,landau_levich
0.00322887,0.000322887,4.73006e-07,1.02174e-07,6.68995e-09,1.02174e-07,landau_levich
0.00336629,0.000336629,4.86333e-07,1.05053e-07,6.41685e-09,1.05053e-07,landau_levich
0.00350955,0.000350955,5.00035e-07,1.08013e-07,6.15491e-09,1.08013e-07,landau_levich
0.00365892,0.000365892,5.14124e-07,1.11056e-07,5.90365e-09,1.11056e-07,landau_levich
0.00381464,0.000381464,5.2861e-07,1.14185e-07,5.66265e-09,1.14185e-07,landau_levich
0.00397699,0.000397699,5.43503e-07,1.17402e-07,5.43149e-09,1.17402e-07,landau_levich
0.00414625,0.000414625,5.58817e-07,1.2071e-07,5.20977e-09,1.2071e-07,landau_levich
0.00432271,0.000432271,5.74562e-07,1.24111e-07,4.99709e-09,1.24111e-07,landau_levich
0.00450668,0.000450668,5.9075e-07,1.27608e-07,4.7931e-09,1.27608e-07,landau_levich
0.00469848,0.000469848,6.07395e-07,1.31203e-07,4.59744e-09,1.31203e-07,landau_levich
0.00489845,0.000489845,6.24509e-07,1.349e-07,4.40976e-09,1.349e-07,landau_levich
0.00510692,0.000510692,6.42104e-07,1.38701e-07,4.22974e-09,1.38701e-07,landau_levich
0.00532427,0.000532427,6.60196e-07,1.42609e-07,4.05708e-09,1.42609e-07,landau_levich
0.00555087,0.000555087,6.78797e-07,1.46627e-07,3.89146e-09,1.46627e-07,landau_levich
0.00578711,0.000578711,6.97922e-07,1.50758e-07,3.7326e-09,1.50758e-07,landau_levich
0.0060334,0.00060334,7.17587e-07,1.55006e-07,3.58023e-09,1.55006e-07,landau_levich
0.00629018,0.000629018,7.37805e-07,1.59373e-07,3.43408e-09,1.59373e-07,landau_levich
0.00655789,0.000655789,7.58593e-07,1.63863e-07,3.29389e-09,1.63863e-07,landau_levich
0.00683699,0.000683699,7.79967e-07,1.6848e-07,3.15943e-09,1.6848e-07,landau_levich
0.00712797,0.000712797,8.01942e-07,1.73227e-07,3.03045e-09,1.73227e-07,landau_levich
0.00743133,0.000743133,8.24537e-07,1.78108e-07,2.90674e-09,1.78108e-07,landau_levich
0.0077476,0.00077476,8.47769e-07,1.83126e-07,2.78809e-09,1.83126e-07,landau_levich
0.00807733,0.000807733,8.71655e-07,1.88286e-07,2.67427e-09,1.88286e-07,landau_levich
0.0084211,0.00084211,8.96215e-07,1.93591e-07,2.5651e-09,1.93591e-07,landau_levich
0.0087795,0.00087795,9.21466e-07,1.99046e-07,2.46039e-09,1.99046e-07,landau_levich
0.00915315,0.000915315,9.47428e-07,2.04654e-07,2.35995e-09,2.04654e-07,landau_levich
0.0095427,0.00095427,9.74123e-07,2.1042e-07,2.26361e-09,2.1042e-07,landau_levich
0.00994883,0.000994883,1.00157e-06,2.16349e-07,2.17121e-09,2.16349e-07,landau_levich
0.0103722,0.00103722,1.02979e-06,2.22444e-07,2.08257e-09,2.22444e-07,landau_levich
0.0108137,0.00108137,1.0588e-06,2.28712e-07,1.99756e-09,2.28712e-07,landau_levich
0.0112739,0.00112739,1.08864e-06,2.35156e-07,1.91601e-09,2.35156e-07,landau_levich
0.0117537,0.00117537,1.11931e-06,2.41781e-07,1.8378e-09,2.41781e-07,landau_levich
0.012254,0.0012254,1.15084e-06,2.48594e-07,1.76278e-09,2.48594e-07,landau_levich
0.0127755,0.00127755,1.18327e-06,2.55598e-07,1.69082e-09,2.55598e-07,landau_levich
0.0133192,0.00133192,1.21661e-06,2.628e-07,1.62179e-09,2.628e-07,landau_levich
0.013886,0.0013886,1.25089e-06,2.70204e-07,1.55559e-09,2.70204e-07,landau_levich
0.014477,0.0014477,1.28613e-06,2.77817e-07,1.49209e-09,2.77817e-07,landau_levich
0.0150932,0.00150932,1.32237e-06,2.85645e-07,1.43118e-09,2.85645e-07,landau_levich
0.0157355,0.00157355,1.35963e-06,2.93693e-07,1.37275e-09,2.93693e-07,landau_levich
0.0164052,0.00164052,1.39794e-06,3.01968e-07,1.31671e-09,3.01968e-07,landau_levich
0.0171034,0.00171034,1.43732e-06,3.10476e-07,1.26296e-09,3.10476e-07,landau_levich
0.0178313,0.00178313,1.47782e-06,3.19224e-07,1.21141e-09,3.19224e-07,landau_levich
0.0185902,0.00185902,1.51946e-06,3.28218e-07,1.16195e-09,3.28218e-07,landau_levich
0.0193814,0.00193814,1.56227e-06,3.37466e-07,1.11452e-09,3.37466e-07,landau_levich
0.0202063,0.00202063,1.60629e-06,3.46974e-07,1.06902e-09,3.46974e-07,landau_levich
0.0210662,0.00210662,1.65155e-06,3.5675e-07,1.02538e-09,3.5675e-07,landau_levich
0.0219628,0.00219628,1.69808e-06,3.66801e-07,9.83526e-10,3.66801e-07,landau_levich
0.0228975,0.00228975,1.74592e-06,3.77136e-07,9.43377e-10,3.77136e-07,landau_levich
0.023872,0.0023872,1.79511e-06,3.87762e-07,9.04866e-10,3.87762e-07,landau_levich
0.024888,0.0024888,1.84569e-06,3.98688e-07,8.67928e-10,3.98688e-07,landau_levich
0.0259472,0.00259472,1.8977e-06,4.09921e-07,8.32497e-10,4.09921e-07,landau_levich
0.0270515,0.00270515,1.95116e-06,4.2147e-07,7.98513e-10,4.2147e-07,landau_levich
0.0282028,0.00282028,2.00614e-06,4.33345e-07,7.65916e-10,4.33345e-07,landau_levich
0.0294031,0.00294031,2.06266e-06,4.45555e-07,7.3465e-10,4.45555e-07,landau_levich
0.0306545,0.00306545,2.12078e-06,4.58109e-07,7.0466e-10,4.58109e-07,landau_levich
0.0319591,0.00319591,2.18053e-06,4.71016e-07,6.75894e-10,4.71016e-07,landau_levich
0.0333193,0.00333193,2.24197e-06,4.84287e-07,6.48303e-10,4.84287e-07,landau_levich
0.0347373,0.00347373,2.30514e-06,4.97932e-07,6.21838e-10,4.97932e-07,landau_levich
0.0362157,0.00362157,2.37009e-06,5.11962e-07,5.96453e-10,5.11962e-07,landau_levich
0.037757,0.0037757,2.43686e-06,5.26386e-07,5.72105e-10,5.26386e-07,landau_levich
0.0393639,0.00393639,2.50552e-06,5.41218e-07,5.4875e-10,5.41218e-07,landau_levich
0.0410393,0.00410393,2.57612e-06,5.56467e-07,5.26349e-10,5.56467e-07,landau_levich
0.0427859,0.00427859,2.6487e-06,5.72145e-07,5.04863e-10,5.72145e-07,landau_levich
0.0446068,0.00446068,2.72333e-06,5.88266e-07,4.84253e-10,5.88266e-07,landau_levich
0.0465052,0.00465052,2.80006e-06,6.0484e-07,4.64485e-10,6.0484e-07,landau_levich
0.0484845,0.00484845,2.87895e-06,6.21882e-07,4.45524e-10,6.21882e-07,landau_levich
0.0505479,0.00505479,2.96007e-06,6.39404e-07,4.27336e-10,6.39404e-07,landau_levich
0.0526992,0.00526992,3.04347e-06,6.57419e-07,4.09892e-10,6.57419e-07,landau_levich
0.0549421,0.00549421,3.12922e-06,6.75942e-07,3.93159e-10,6.75942e-07,landau_levich
0.0572804,0.00572804,3.21739e-06,6.94987e-07,3.7711e-10,6.94987e-07,landau_levich
0.0597182,0.00597182,3.30804e-06,7.14569e-07,3.61715e-10,7.14569e-07,landau_levich
0.0622598,0.00622598,3.40124e-06,7.34702e-07,3.46949e-10,7.34702e-07,landau_levich
0.0649095,0.00649095,3.49707e-06,7.55402e-07,3.32786e-10,7.55402e-07,landau_levich
0.067672,0.0067672,3.59561e-06,7.76686e-07,3.19201e-10,7.76686e-07,landau_levich
0.0705521,0.00705521,3.69691e-06,7.98569e-07,3.06171e-10,7.98569e-07,landau_levich
0.0735547,0.00735547,3.80108e-06,8.21069e-07,2.93672e-10,8.21069e-07,landau_levich
0.0766852,0.00766852,3.90817e-06,8.44203e-07,2.81684e-10,8.44203e-07,landau_levich
0.0799489,0.00799489,4.01829e-06,8.67989e-07,2.70185e-10,8.67989e-07,landau_levich
0.0833514,0.00833514,4.1315e-06,8.92445e-07,2.59155e-10,8.92445e-07,landau_levich
0.0868988,0.00868988,4.24791e-06,9.1759e-07,2.48576e-10,9.1759e-07,landau_levich
0.0905972,0.00905972,4.3676e-06,9.43444e-07,2.38429e-10,9.43444e-07,landau_levich
0.0944529,0.00944529,4.49066e-06,9.70025e-07,2.28696e-10,9.70025e-07,landau_levich
0.0984728,0.00984728,4.61718e-06,9.97356e-07,2.1936e-10,9.97356e-07,landau_levich
0.102664,0.0102664,4.74727e-06,1.02546e-06,2.10405e-10,1.02546e-06,landau_levich
0.107033,0.0107033,4.88103e-06,1.05435e-06,2.01816e-10,1.05435e-06,landau_levich
0.111588,0.0111588,5.01855e-06,1.08406e-06,1.93577e-10,1.08406e-06,landau_levich
0.116337,0.0116337,5.15995e-06,1.1146e-06,1.85675e-10,1.1146e-06,landau_levich
0.121289,0.0121289,5.30534e-06,1.146e-06,1.78096e-10,1.146e-06,landau_levich
0.126451,0.0126451,5.45482e-06,1.17829e-06,1.70825e-10,1.17829e-06,landau_levich
0.131832,0.0131832,5.60851e-06,1.21149e-06,1.63852e-10,1.21149e-06,landau_levich
0.137443,0.0137443,5.76653e-06,1.24563e-06,1.57163e-10,1.24563e-06,landau_levich
0.143293,0.0143293,5.929e-06,1.28072e-06,1.50747e-10,1.28072e-06,landau_levich
0.149391,0.0149391,6.09606e-06,1.31681e-06,1.44594e-10,1.31681e-06,landau_levich
0.155749,0.0155749,6.26782e-06,1.35391e-06,1.38691e-10,1.35391e-06,landau_levich
0.162378,0.0162378,6.44441e-06,1.39206e-06,1.33029e-10,1.39206e-06,landau_levich
0.169288,0.0169288,6.62599e-06,1.43128e-06,1.27599e-10,1.43128e-06,landau_levich
0.176493,0.0176493,6.81268e-06,1.4716e-06,1.2239e-10,1.4716e-06,landau_levich
0.184004,0.0184004,7.00463e-06,1.51307e-06,1.17394e-10,1.51307e-06,landau_levich
0.191836,0.0191836,7.20198e-06,1.5557e-06,1.12601e-10,1.5557e-06,landau_levich
0.2,0.02,7.4049e-06,1.59953e-06,1.08005e-10,1.59953e-06,landau_levich
